[
  {
    "constant": false,
    "inputs": [
      {
        "name": "_requestId",
        "type": "bytes32"
      },
      {
        "name": "_price",
        "type": "bytes32"
      }
    ],
    "name": "fulfill",
    "outputs": [],
    "payable": false,
    "stateMutability": "nonpayable",
    "type": "function"
  },
  {
    "constant": false,
    "inputs": [
      {
        "name": "_currency",
        "type": "string"
      }
    ],
    "name": "requestEthereumPrice",
    "outputs": [],
    "payable": false,
    "stateMutability": "nonpayable",
    "type": "function"
  },
  {
    "constant": true,
    "inputs": [],
    "name": "currentPrice",
    "outputs": [
      {
        "name": "",
        "type": "bytes32"
      }
    ],
    "payable": false,
    "stateMutability": "view",
    "type": "function"
  },
  {
    "inputs": [
      {
        "name": "_link",
        "type": "address"
      },
      {
        "name": "_coordinator",
        "type": "address"
      },
      {
        "name": "_sAId",
        "type": "bytes32"
      }
    ],
    "payable": false,
    "stateMutability": "nonpayable",
    "type": "constructor"
  },
  {
    "anonymous": false,
    "inputs": [
      {
        "indexed": true,
        "name": "id",
        "type": "bytes32"
      }
    ],
    "name": "ChainlinkRequested",
    "type": "event"
  },
  {
    "anonymous": false,
    "inputs": [
      {
        "indexed": true,
        "name": "id",
        "type": "bytes32"
      }
    ],
    "name": "ChainlinkFulfilled",
    "type": "event"
  },
  {
    "anonymous": false,
    "inputs": [
      {
        "indexed": true,
        "name": "id",
        "type": "bytes32"
      }
    ],
    "name": "ChainlinkCancelled",
    "type": "event"
  }
]
